ListSize,countSort_Ops,countSort_Time,heapSort_Ops,heapSort_Time,mapSort_Ops,mapSort_Time
59481,237900,0.000264,2169815,0.010516,12134125,0.012375
28416,113658,0.000184,961211,0.004568,5796865,0.005618
26565,106251,0.000156,892313,0.004519,5419261,0.004999
66377,265466,0.000254,2448559,0.011752,13540909,0.012429
50536,202123,0.000203,1815848,0.008737,10309345,0.010281
86995,347932,0.000283,3293091,0.015460,17746981,0.016402
94541,378131,0.000321,3608376,0.017894,19286365,0.018573
41111,164420,0.000192,1445034,0.006129,8386645,0.006931
75431,301682,0.000247,2817144,0.013815,15387925,0.014725
19901,79598,0.000128,647500,0.002955,4059805,0.003666
44740,178945,0.000206,1586392,0.007819,9126961,0.008320
90754,362980,0.000341,3450270,0.016183,18513817,0.017390
24719,98870,0.000142,824739,0.004114,5042677,0.004229
55901,223592,0.000226,2026427,0.009559,11403805,0.011134
15844,63376,0.000124,502705,0.002439,3232177,0.003035
80500,321973,0.000236,3024756,0.014006,16422001,0.014601
8986,35944,0.000110,266442,0.001379,1833145,0.001534
4381,17524,0.000053,118735,0.000612,893725,0.000747
77760,311010,0.000287,2912137,0.013962,15863041,0.015576
28417,113662,0.000178,960603,0.004344,5797069,0.004719
95922,383658,0.000296,3666781,0.017456,19568089,0.018224
92589,370317,0.000297,3526668,0.017071,18888157,0.018183
89978,359894,0.000282,3418198,0.016473,18355513,0.017397
90035,360107,0.000258,3419488,0.016400,18367141,0.016605
52480,209911,0.000202,1890778,0.009192,10705921,0.008952
64901,259592,0.000236,2388818,0.011190,13239805,0.012056
74312,297218,0.000242,2771698,0.013144,15159649,0.013640
68758,275005,0.000222,2544971,0.012505,14026633,0.012302
69774,279084,0.000266,2585620,0.012864,14233897,0.012818
46912,187627,0.000200,1672220,0.008190,9570049,0.008116
36942,147750,0.000183,1284393,0.006369,7536169,0.007015
73983,295911,0.000249,2758000,0.013145,15092533,0.012779
2306,9224,0.000031,57130,0.000312,470425,0.000409
49619,198464,0.000228,1778504,0.008226,10122277,0.009392
11377,45499,0.000107,347817,0.001811,2320909,0.001968
56530,226108,0.000271,2052808,0.010301,11532121,0.010059
23715,94851,0.000139,787291,0.003959,4837861,0.004084
62609,250406,0.000220,2296503,0.011026,12772237,0.010589
33249,132981,0.000192,1143440,0.005370,6782797,0.006202
47018,188048,0.000217,1676654,0.009366,9591673,0.009589
88247,352961,0.000331,3344639,0.018917,18002389,0.019167
56776,227083,0.000217,2062583,0.010694,11582305,0.010794
61478,245903,0.000252,2250289,0.012229,12541513,0.012717
60896,243563,0.000249,2226647,0.012181,12422785,0.011015
22243,88957,0.000141,732667,0.003823,4537573,0.004002
30731,122921,0.000216,1048376,0.005373,6269125,0.005398
8628,34512,0.000089,254649,0.001374,1760113,0.001502
67496,269966,0.000305,2493824,0.013899,13769185,0.013583
89261,356999,0.000319,3387862,0.016647,18209245,0.016745
23496,93972,0.000158,778001,0.004059,4793185,0.004096
84931,339700,0.000274,3207861,0.016723,17325925,0.016664
9215,36860,0.000133,274042,0.001675,1879861,0.001835
1919,7676,0.000030,46094,0.000247,391477,0.000499
16263,65052,0.000136,517718,0.002591,3317653,0.003320
86977,347878,0.000290,3293713,0.016113,17743309,0.016711
12402,49596,0.000118,382626,0.001993,2530009,0.002152
59306,237203,0.000213,2164132,0.010944,12098425,0.011311
24100,96397,0.000154,801143,0.003619,4916401,0.004498
87549,350166,0.000285,3316227,0.015533,17859997,0.016788
91235,364919,0.000364,3469859,0.019681,18611941,0.019567
55426,221674,0.000245,2008939,0.010440,11306905,0.011023
27047,108173,0.000163,909957,0.004663,5517589,0.005234
11089,44353,0.000104,337401,0.001760,2262157,0.002032
68823,275274,0.000235,2546543,0.011139,14039893,0.012518
71448,285765,0.000243,2652736,0.012230,14575393,0.012556
66931,267700,0.000238,2470404,0.012590,13653925,0.012684
98578,394291,0.000330,3779553,0.018951,20109913,0.019438
77841,311322,0.000278,2915432,0.014063,15879565,0.015115
89277,357090,0.000289,3386922,0.017045,18212509,0.017469
78544,314158,0.000338,2944696,0.015161,16022977,0.014650
87589,350335,0.000268,3317626,0.016345,17868157,0.017745
34619,138473,0.000223,1195572,0.005684,7062277,0.007107
16262,65048,0.000126,517717,0.002693,3317449,0.002956
29918,119660,0.000169,1016918,0.005232,6103273,0.005129
22700,90794,0.000151,749743,0.003618,4630801,0.003952
19318,77257,0.000132,626838,0.002961,3940873,0.003659
28527,114102,0.000162,965883,0.004786,5819509,0.004848
72631,290491,0.000256,2702232,0.013156,14816725,0.013083
85688,342725,0.000277,3238637,0.015169,17480353,0.015940
96028,384067,0.000302,3671337,0.018689,19589713,0.018075
81129,324495,0.000270,3051154,0.014803,16550317,0.014929
52801,211192,0.000212,1904683,0.009121,10771405,0.010068
74222,296867,0.000267,2767035,0.013353,15141289,0.013092
80069,320246,0.000281,3007572,0.015453,16334077,0.015053
94460,377819,0.000304,3604811,0.017842,19269841,0.018868
74381,297482,0.000263,2774239,0.015736,15173725,0.015269
11896,47575,0.000125,365206,0.002016,2426785,0.002336
3342,13365,0.000041,87428,0.000438,681769,0.000653
92913,371628,0.000322,3540499,0.018536,18954253,0.019270
91192,364744,0.000285,3468394,0.016829,18603169,0.018223
41337,165342,0.000198,1454571,0.007243,8432749,0.007863
1440,5760,0.000032,33204,0.000177,293761,0.000267
17029,68116,0.000124,544517,0.002824,3473917,0.003124
70331,281309,0.000261,2608157,0.012429,14347525,0.012245
82724,330866,0.000259,3117291,0.015348,16875697,0.016704
93261,373014,0.000291,3554693,0.017149,19025245,0.019493
91763,367028,0.000290,3491972,0.017526,18719653,0.017939
21024,84093,0.000139,688745,0.003591,4288897,0.003648
30052,120205,0.000171,1022371,0.005241,6130609,0.006021
35025,140082,0.000186,1210245,0.006010,7145101,0.005909
86483,345893,0.000286,3272019,0.015422,17642533,0.017564
24470,97877,0.000156,814860,0.004426,4991881,0.004394
50156,200603,0.000221,1800427,0.009300,10231825,0.009318
38413,153643,0.000199,1340478,0.006804,7836253,0.006922
30988,123940,0.000166,1058186,0.005385,6321553,0.005742
45183,180717,0.000202,1604007,0.008483,9217333,0.008303
6753,27006,0.000078,193652,0.001117,1377613,0.001248
73566,294252,0.000262,2740076,0.014186,15007465,0.015458
53350,213379,0.000247,1925612,0.010945,10883401,0.010597
25875,103500,0.000155,866707,0.004549,5278501,0.004909
1607,6428,0.000028,37749,0.000196,327829,0.000299
65936,263726,0.000280,2430857,0.012518,13450945,0.011920
82678,330691,0.000297,3115447,0.015494,16866313,0.015213
75524,302069,0.000256,2820883,0.014559,15406897,0.013548
99622,398467,0.000367,3821494,0.018500,20322889,0.019491
97788,391125,0.000300,3746713,0.018700,19948753,0.019226
5503,22009,0.000063,153550,0.000700,1122613,0.000969
30174,120693,0.000171,1026415,0.005214,6155497,0.006176
29160,116634,0.000210,988857,0.005907,5948641,0.006599
16108,64429,0.000133,512275,0.003007,3286033,0.003159
37913,151634,0.000200,1321170,0.007116,7734253,0.007133
42757,171016,0.000183,1509206,0.007122,8722429,0.007611
61231,244903,0.000223,2240934,0.011648,12491125,0.011477
47758,191017,0.000228,1705335,0.008465,9742633,0.009040
81917,327641,0.000265,3083396,0.015669,16711069,0.014929
40385,161528,0.000203,1416980,0.006912,8238541,0.007140
12888,51543,0.000115,399456,0.001985,2629153,0.002470
54880,219517,0.000215,1986155,0.010402,11195521,0.010423
53368,213457,0.000241,1926406,0.010232,10887073,0.010189
10460,41837,0.000108,316082,0.001716,2133841,0.002004
93674,374654,0.000360,3572024,0.018192,19109497,0.018475
39525,158082,0.000245,1383524,0.008506,8063101,0.008990
5318,21269,0.000071,147835,0.000743,1084873,0.001063
28381,113518,0.000175,959703,0.004667,5789725,0.005542
71144,284540,0.000293,2641925,0.013430,14513377,0.012942
62960,251804,0.000248,2309176,0.011132,12843841,0.012208
68857,275404,0.000263,2548191,0.012767,14046829,0.013039
98609,394397,0.000325,3779917,0.019562,20116237,0.019819
58555,234187,0.000219,2132377,0.011111,11945221,0.010522
9867,39468,0.000094,296014,0.001499,2012869,0.001813
95552,382172,0.000382,3649850,0.017314,19492609,0.019754
70863,283434,0.000254,2630124,0.012911,14456053,0.013219
41278,165103,0.000197,1451955,0.007792,8420713,0.008118
29704,118804,0.000167,1009475,0.004853,6059617,0.005950
18427,73702,0.000131,594323,0.002968,3759109,0.003163
15000,59994,0.000143,472502,0.002655,3060001,0.002738
72457,289798,0.000267,2695530,0.013705,14781229,0.014976
65921,263672,0.000257,2430085,0.012768,13447885,0.012498
69686,278720,0.000307,2581928,0.013859,14215945,0.012980
55588,222331,0.000242,2015001,0.010213,11339953,0.009592
18069,72261,0.000128,581088,0.002954,3686077,0.003152
13149,52590,0.000116,408058,0.001799,2682397,0.002532
55721,222869,0.000252,2018968,0.009864,11367085,0.010736
62726,250889,0.000229,2300607,0.011446,12796105,0.011183
89312,357227,0.000302,3388858,0.015804,18219649,0.016541
42386,169514,0.000199,1494307,0.007164,8646745,0.008118
88547,354140,0.000337,3357729,0.015550,18063589,0.018194
76134,304503,0.000294,2845439,0.013518,15531337,0.013729
3575,14300,0.000046,94211,0.000403,729301,0.000678
15652,62605,0.000113,495688,0.002457,3193009,0.002632
39217,156859,0.000191,1372048,0.006745,8000269,0.006942
18323,73289,0.000130,590824,0.003156,3737893,0.003497
5673,22689,0.000067,159249,0.000711,1157293,0.000969
48363,193431,0.000261,1729605,0.008990,9866053,0.008976
97906,391588,0.000353,3750962,0.017517,19972825,0.018940
55590,222345,0.000253,2015631,0.010908,11340361,0.011611
98642,394544,0.000298,3782480,0.018130,20122969,0.018743
25882,103516,0.000156,866464,0.004045,5279929,0.004961
11602,46408,0.000101,354945,0.001741,2366809,0.001925
23496,93978,0.000147,778795,0.003700,4793185,0.004467
66189,264738,0.000225,2440825,0.012138,13502557,0.011621
94334,377324,0.000294,3599880,0.016517,19244137,0.018280
51078,204297,0.000200,1836358,0.009293,10419913,0.008746
38173,152683,0.000199,1331273,0.006757,7787293,0.006433
29345,117377,0.000167,996575,0.004528,5986381,0.005479
56430,225702,0.000226,2047937,0.010762,11511721,0.010322
18695,74777,0.000130,603823,0.003133,3813781,0.003262
37886,151535,0.000276,1320322,0.006565,7728745,0.007422
93286,373123,0.000343,3555667,0.017997,19030345,0.018051
14171,56684,0.000120,443914,0.002397,2890885,0.002571
28781,115115,0.000166,974818,0.004829,5871325,0.004882
25287,101145,0.000147,844771,0.004122,5158549,0.004252
45373,181480,0.000214,1611327,0.007848,9256093,0.007827
90744,362934,0.000353,3449192,0.017910,18511777,0.018179
29086,116338,0.000176,986787,0.005337,5933545,0.005171
93337,373294,0.000377,3557792,0.018520,19040749,0.018441
67658,270605,0.000254,2499817,0.012448,13802233,0.012219
22156,88618,0.000136,729770,0.003350,4519825,0.003663
48566,194240,0.000239,1737704,0.008930,9907465,0.009155
81293,325145,0.000329,3058572,0.013937,16583773,0.014592
53474,213866,0.000210,1930951,0.008870,10908697,0.009608
53354,213395,0.000232,1925679,0.009496,10884217,0.010437
98922,395643,0.000308,3792576,0.018101,20180089,0.019018
58152,232590,0.000237,2116251,0.010437,11863009,0.010852
67640,270542,0.000225,2499514,0.011825,13798561,0.012165
86962,347833,0.000286,3291785,0.016428,17740249,0.016768
59038,236134,0.000239,2152091,0.010643,12043753,0.010959
51825,207285,0.000213,1866294,0.008944,10572301,0.009879
74786,299126,0.000263,2789583,0.013935,15256345,0.014143
50361,201429,0.000208,1808587,0.008749,10273645,0.009055
18907,75628,0.000138,611818,0.002942,3857029,0.003233
43603,174400,0.000196,1542223,0.008026,8895013,0.008230
51833,207320,0.000251,1865902,0.009983,10573933,0.009427
33180,132714,0.000186,1140841,0.005837,6768721,0.005896
85395,341550,0.000281,3227984,0.015794,17420581,0.015965
12115,48454,0.000111,372686,0.001872,2471461,0.002118
94343,377333,0.000362,3599737,0.018180,19245973,0.018229
99781,399085,0.000370,3827592,0.018482,20355325,0.018728
63279,253104,0.000249,2322735,0.010872,12908917,0.011399
35278,141103,0.000191,1219886,0.006168,7196713,0.005967
70178,280679,0.000320,2601258,0.013825,14316313,0.013092
68628,274482,0.000240,2539454,0.011766,14000113,0.012899
47402,189596,0.000222,1691335,0.008326,9670009,0.008392
54505,218002,0.000223,1971057,0.009643,11119021,0.009534
96778,387082,0.000298,3702882,0.017908,19742713,0.018182
16868,67469,0.000127,539032,0.002907,3441073,0.002932
22167,88653,0.000152,730656,0.003750,4522069,0.004053
76040,304148,0.000268,2840961,0.014128,15512161,0.015259
17775,71097,0.000134,571356,0.002796,3626101,0.003483
24008,96023,0.000170,798251,0.004157,4897633,0.004624
74731,298918,0.000247,2788090,0.013105,15245125,0.014631
64141,256549,0.000224,2357884,0.011790,13084765,0.011556
90182,360695,0.000279,3427245,0.017146,18397129,0.018575
31787,127127,0.000205,1088437,0.005348,6484549,0.005625
16895,67577,0.000125,539648,0.002722,3446581,0.002910
35487,141942,0.000193,1227825,0.006255,7239349,0.006016
49718,198848,0.000207,1782403,0.008929,10142473,0.009296
93291,373146,0.000300,3556004,0.018129,19031365,0.018595
50842,203356,0.000206,1826786,0.008702,10371769,0.009973
53517,214059,0.000208,1932033,0.009471,10917469,0.010668
6377,25502,0.000073,181423,0.000803,1300909,0.001125
11174,44690,0.000105,340298,0.001680,2279497,0.002184
95092,380335,0.000304,3631357,0.018174,19398769,0.018981
52091,208325,0.000232,1876451,0.009499,10626565,0.009935
69357,277416,0.000243,2569196,0.012409,14148829,0.013531
2686,10744,0.000033,68101,0.000332,547945,0.000450
62354,249401,0.000224,2285499,0.011204,12720217,0.010870
6275,25100,0.000075,177962,0.000951,1280101,0.001236
88693,354730,0.000297,3364607,0.016228,18093373,0.017921
86445,345735,0.000276,3270815,0.016452,17634781,0.016206
81293,325145,0.000293,3057686,0.015990,16583773,0.015832
18547,74179,0.000130,598583,0.003095,3783589,0.003427
48691,194752,0.000211,1742467,0.007998,9932965,0.010075
23520,94071,0.000146,779835,0.003913,4798081,0.004285
50080,200302,0.000205,1797171,0.008676,10216321,0.009452
24523,98089,0.000152,817298,0.004205,5002693,0.004181
64422,257670,0.000222,2369165,0.011574,13142089,0.012272
95577,382266,0.000308,3651208,0.018964,19497709,0.018548
75605,302405,0.000257,2823511,0.012699,15423421,0.013957
65595,262350,0.000237,2417056,0.011782,13381381,0.011357
78727,314893,0.000305,2952419,0.015765,16060309,0.015374
58826,235283,0.000219,2144332,0.010379,12000505,0.013060
24663,98640,0.000152,822423,0.003928,5031253,0.004218
35949,143781,0.000174,1246090,0.006030,7333597,0.005989
37519,150067,0.000186,1306441,0.006265,7653877,0.007201
5374,21496,0.000064,149566,0.000761,1096297,0.001077
86329,345289,0.000275,3265328,0.017145,17611117,0.016712
7263,29052,0.000111,210107,0.001230,1481653,0.001257
97109,388403,0.000332,3716260,0.018705,19810237,0.018177
90092,360344,0.000292,3422991,0.017077,18378769,0.017490
20181,80718,0.000137,657631,0.003202,4116925,0.003840
57491,229937,0.000240,2090599,0.010152,11728165,0.011526
54601,218383,0.000236,1975253,0.009802,11138605,0.009669
87834,351300,0.000268,3329169,0.016169,17918137,0.016778
51795,207165,0.000242,1863687,0.009695,10566181,0.009169
35848,143386,0.000186,1242691,0.006176,7312993,0.006910
17013,68052,0.000131,544218,0.002981,3470653,0.003145
84888,339537,0.000289,3205349,0.016102,17317153,0.016704
80480,321890,0.000278,3023134,0.015723,16417921,0.014962
3540,14157,0.000043,93321,0.000489,722161,0.000601
43922,175676,0.000208,1554155,0.008173,8960089,0.008558
28423,113680,0.000184,962131,0.005007,5798293,0.005472
47196,188772,0.000268,1682172,0.009010,9627985,0.009279
96299,385169,0.000287,3682288,0.017956,19644997,0.019423
74262,297024,0.000314,2768144,0.014086,15149449,0.014088
38401,153589,0.000201,1340057,0.006835,7833805,0.007479
51943,207748,0.000204,1870025,0.009290,10596373,0.009869
38868,155454,0.000184,1359192,0.007164,7929073,0.007579
76208,304823,0.000266,2848598,0.014241,15546433,0.014436
45993,183957,0.000219,1635469,0.008188,9382573,0.008700
12047,48188,0.000107,370341,0.001672,2457589,0.002374
97665,390615,0.000286,3739550,0.017900,19923661,0.019179
21674,86684,0.000134,711660,0.003449,4421497,0.003608
33584,134321,0.000171,1156021,0.005714,6851137,0.006511
41943,167763,0.000185,1477911,0.006894,8556373,0.006901
26025,104094,0.000157,871769,0.003831,5309101,0.004954
47956,191800,0.000198,1712367,0.008319,9783025,0.007938
32237,128936,0.000171,1104961,0.005411,6576349,0.006119
54948,219765,0.000227,1989093,0.009962,11209393,0.010231
99941,399725,0.000345,3835156,0.017658,20387965,0.019799
9781,39124,0.000094,293324,0.001270,1995325,0.001834
8078,32309,0.000080,236921,0.001139,1647913,0.001532
19549,78196,0.000129,634735,0.002965,3987997,0.003602
33627,134484,0.000167,1158120,0.005326,6859909,0.006220
25601,102398,0.000149,856252,0.004034,5222605,0.004559
97407,389610,0.000299,3730043,0.017396,19871029,0.019353
43937,175724,0.000206,1555636,0.007515,8963149,0.008291
59577,238296,0.000226,2173902,0.010439,12153709,0.010217
71710,286807,0.000290,2664621,0.012914,14628841,0.012095
50671,202663,0.000187,1820653,0.008960,10336885,0.009815
86340,345336,0.000291,3266768,0.015479,17613361,0.016666
21297,85182,0.000175,698488,0.003672,4344589,0.003599
92052,368175,0.000275,3504015,0.016349,18778609,0.017914
99506,397976,0.000352,3816781,0.018118,20299225,0.019596
49159,196615,0.000210,1761382,0.008246,10028437,0.009172
50330,201293,0.000212,1807192,0.008766,10267321,0.009920
31938,127743,0.000172,1093505,0.005188,6515353,0.005295
91171,364660,0.000286,3466912,0.016699,18598885,0.017784
82553,330173,0.000272,3110224,0.014598,16840813,0.015359
28468,113869,0.000197,962817,0.004630,5807473,0.005270
95069,380246,0.000318,3630015,0.016868,19394077,0.016985
36869,147458,0.000187,1281734,0.005935,7521277,0.006875
37307,149216,0.000233,1297273,0.006267,7610629,0.006369
96448,385768,0.000340,3689364,0.017550,19675393,0.018201
64837,259327,0.000262,2386140,0.011023,13226749,0.011849
95782,383089,0.000304,3660649,0.017394,19539529,0.018678
64686,258714,0.000233,2379835,0.011616,13195945,0.011890
48445,193765,0.000201,1732830,0.008236,9882781,0.008713
19574,78290,0.000132,635679,0.003018,3993097,0.003596
33412,133633,0.000166,1149579,0.005052,6816049,0.006118
61837,247324,0.000202,2264753,0.010940,12614749,0.011386
31893,127563,0.000177,1091919,0.005490,6506173,0.005838
63496,253957,0.000203,2332006,0.011298,12953185,0.011289
76110,304428,0.000241,2843374,0.013589,15526441,0.012829
46829,187307,0.000215,1668911,0.007877,9553117,0.009191
9370,37480,0.000092,279710,0.001567,1911481,0.001574
87699,350757,0.000304,3322244,0.015820,17890597,0.017516
86567,346253,0.000346,3276199,0.015814,17659669,0.015573
22863,91449,0.000149,756269,0.003706,4664053,0.004255
42158,168626,0.000200,1485097,0.007025,8600233,0.007799
72217,288847,0.000237,2684280,0.012702,14732269,0.013482
27167,108665,0.000159,915000,0.004344,5542069,0.005073
36946,147778,0.000184,1285100,0.005606,7536985,0.006569
73804,295171,0.000231,2750025,0.013041,15056017,0.013510
56674,226669,0.000222,2057761,0.009938,11561497,0.010040
12031,48121,0.000114,369426,0.001861,2454325,0.002035
43973,175880,0.000197,1556060,0.007858,8970493,0.007159
38664,154632,0.000211,1350165,0.006494,7887457,0.007068
60089,240332,0.000192,2195016,0.010256,12258157,0.011382
34049,136184,0.000170,1174009,0.005575,6945997,0.006367
4703,18812,0.000053,128667,0.000601,959413,0.000896
88507,354004,0.000292,3355812,0.015970,18055429,0.016516
70684,282697,0.000225,2622166,0.011910,14419537,0.013058
49091,196337,0.000218,1757833,0.008389,10014565,0.008077
46313,185231,0.000199,1648247,0.007963,9447853,0.008585
64535,258122,0.000228,2374015,0.011438,13165141,0.011159
84439,337741,0.000277,3187683,0.014766,17225557,0.016383
9357,37428,0.000106,279292,0.001507,1908829,0.001560
10244,40973,0.000100,308869,0.001536,2089777,0.001815
17332,69325,0.000124,554984,0.002730,3535729,0.002899
38873,155486,0.000194,1358255,0.006429,7930093,0.007040
75197,300743,0.000254,2806976,0.013545,15340189,0.013697
34464,137841,0.000179,1190231,0.005635,7030657,0.006462
48380,193514,0.000207,1730209,0.007999,9869521,0.009413
46871,187460,0.000190,1670324,0.007979,9561685,0.007729
88478,353894,0.000401,3355324,0.015836,18049513,0.017581
80869,323458,0.000239,3041059,0.013976,16497277,0.014625
56311,225214,0.000196,2043732,0.009811,11487445,0.009319
4882,19528,0.000057,134144,0.000624,995929,0.000919
11704,46804,0.000105,358596,0.001803,2387617,0.001948
86846,347357,0.000265,3287851,0.015268,17716585,0.018175
81500,325967,0.000279,3066417,0.014539,16626001,0.014615
41376,165498,0.000201,1455532,0.006624,8440705,0.007623
44782,179113,0.000204,1589049,0.007257,9135529,0.008249
37947,151779,0.000194,1323344,0.006100,7741189,0.007136
58002,231999,0.000219,2111906,0.009458,11832409,0.010470
4496,17984,0.000052,122091,0.000595,917185,0.000831
56732,226904,0.000217,2060143,0.009319,11573329,0.009487
22638,90543,0.000129,747220,0.003332,4618153,0.004154
84767,339026,0.000246,3202213,0.014622,17292469,0.016101
69621,278460,0.000240,2580101,0.012527,14202685,0.013506
88474,353869,0.000320,3354904,0.016206,18048697,0.018907
69384,277488,0.000310,2569782,0.012399,14154337,0.012775
25025,100091,0.000194,835639,0.003915,5105101,0.004779
95356,381406,0.000316,3642573,0.016892,19452625,0.019784
35666,142649,0.000180,1236115,0.005831,7275865,0.006402
89759,358994,0.000340,3409917,0.015756,18310837,0.015733
99700,398755,0.000309,3825051,0.017645,20338801,0.019983
8999,35996,0.000084,267054,0.001187,1835797,0.001513
55175,220673,0.000254,1998904,0.009638,11255701,0.010270
61090,244345,0.000226,2235498,0.010480,12462361,0.011222
96190,384730,0.000302,3678527,0.017612,19622761,0.017588
8414,33650,0.000084,247737,0.001031,1716457,0.001590
5582,22328,0.000062,156111,0.000751,1138729,0.001081
8816,35261,0.000095,260784,0.001112,1798465,0.001667
86448,345768,0.000293,3269705,0.015137,17635393,0.016877
47379,189504,0.000205,1690604,0.007723,9665317,0.007783
88873,355462,0.000275,3371561,0.015856,18130093,0.017366
45410,181631,0.000198,1612754,0.007787,9263641,0.008846
81253,324988,0.000316,3056222,0.014768,16575613,0.013943
1653,6612,0.000031,39039,0.000199,337213,0.000297
8477,33908,0.000095,249588,0.001073,1729309,0.001662
66623,266471,0.000241,2458912,0.011745,13591093,0.012399
44258,177020,0.000226,1567297,0.007508,9028633,0.008230
94289,377120,0.000315,3598019,0.016831,19234957,0.019297
39723,158880,0.000210,1392040,0.006613,8103493,0.007504
30836,123332,0.000173,1051721,0.005042,6290545,0.005802
26161,104635,0.000155,878350,0.004123,5336845,0.004782
8533,34129,0.000106,251412,0.001434,1740733,0.001659
34372,137476,0.000195,1186136,0.005658,7011889,0.006544
22668,90669,0.000149,749117,0.003531,4624273,0.004236
79103,316394,0.000277,2967518,0.013923,16137013,0.014222
78397,313573,0.000258,2938618,0.013771,15992989,0.013522
37551,150198,0.000218,1307590,0.006777,7660405,0.007124
5851,23401,0.000069,164545,0.000719,1193605,0.001146
85669,342646,0.000294,3237099,0.015020,17476477,0.016686
1616,6464,0.000026,37890,0.000191,329665,0.000314
89499,357972,0.000292,3398538,0.015934,18257797,0.017038
92948,371756,0.000282,3540867,0.016712,18961393,0.017788
83950,335785,0.000281,3167632,0.014240,17125801,0.016461
52222,208870,0.000204,1880955,0.008414,10653289,0.009607
45990,183954,0.000257,1635364,0.007580,9381961,0.007899
43307,173210,0.000170,1529735,0.006872,8834629,0.007284
13723,54886,0.000123,428315,0.001972,2799493,0.002611
7604,30413,0.000078,221108,0.001096,1551217,0.001435
54565,218242,0.000210,1973400,0.009512,11131261,0.009410
27500,109988,0.000149,927489,0.004226,5610001,0.005040
6568,26269,0.000085,187764,0.001014,1339873,0.001413
45687,182727,0.000210,1624310,0.007851,9320149,0.008471
60451,241780,0.000216,2208778,0.010730,12332005,0.011124
30503,122003,0.000162,1039353,0.004997,6222613,0.005703
52059,208221,0.000217,1874136,0.009103,10620037,0.009880
74263,297037,0.000241,2769063,0.011767,15149653,0.013358
9580,38317,0.000087,286604,0.001417,1954321,0.001597
29665,118648,0.000171,1007955,0.004871,6051661,0.005565
58592,234344,0.000197,2134533,0.009096,11952769,0.010375
1591,6364,0.000023,37181,0.000188,324565,0.000292
9666,38661,0.000094,289614,0.001223,1971865,0.001800
6885,27537,0.000071,197671,0.000910,1404541,0.001297
27619,110464,0.000158,931649,0.004440,5634277,0.005193
32264,129053,0.000172,1105800,0.004670,6581857,0.005921
29416,117655,0.000167,998549,0.004740,6000865,0.005531
85689,342732,0.000271,3239101,0.015330,17480557,0.016789
96333,385305,0.000292,3685089,0.016813,19651933,0.018222
21519,86070,0.000135,706401,0.003348,4389877,0.004102
98184,392718,0.000282,3763238,0.018349,20029537,0.019057
58171,232657,0.000204,2118161,0.010013,11866885,0.009803
30440,121757,0.000167,1037148,0.005292,6209761,0.005020
59678,238706,0.000261,2178450,0.010272,12174313,0.012449
58594,234352,0.000228,2134460,0.010311,11953177,0.010729
95804,383180,0.000292,3662621,0.017298,19544017,0.018972
23730,94911,0.000151,787924,0.003780,4840921,0.004455
86461,345805,0.000279,3271251,0.015506,17638045,0.016827
30024,120075,0.000173,1021169,0.004941,6124897,0.005049
59751,238986,0.000224,2181397,0.010238,12189205,0.010248
70046,280163,0.000224,2596218,0.011867,14289385,0.012264
73920,295653,0.000236,2755049,0.013127,15079681,0.013438
26449,105793,0.000156,887757,0.004164,5395597,0.005310
48827,195281,0.000205,1748603,0.008303,9960709,0.008824
99956,399785,0.000305,3836409,0.017818,20391025,0.018140
38058,152214,0.000175,1326857,0.006181,7763833,0.007154
5305,21214,0.000062,147150,0.000608,1082221,0.000978
55109,220418,0.000218,1995515,0.009327,11242237,0.010364
54995,219959,0.000216,1990869,0.010095,11218981,0.009805
92541,370134,0.000301,3525003,0.016025,18878365,0.019256
64811,259232,0.000226,2385476,0.010903,13221445,0.010908
39932,159716,0.000183,1399840,0.006248,8146129,0.007517
81298,325177,0.000303,3058953,0.014818,16584793,0.013979
47481,189909,0.000204,1693952,0.008124,9686125,0.008837
4006,16024,0.000048,107141,0.000496,817225,0.000739
58849,235363,0.000226,2145012,0.009724,12005197,0.010885
26106,104424,0.000156,875942,0.004262,5325625,0.005021
75793,303133,0.000240,2830998,0.013374,15461773,0.013961
73360,293428,0.000280,2731612,0.012842,14965441,0.013626
87603,350382,0.000262,3318303,0.015559,17871013,0.016563
85298,341156,0.000284,3223826,0.015391,17400793,0.017379
66094,264355,0.000233,2436655,0.011617,13483177,0.012059
75273,301071,0.000262,2810689,0.012860,15355693,0.013599
93593,374336,0.000334,3568657,0.016419,19092973,0.019767
43168,172660,0.000226,1525054,0.007645,8806273,0.007691
47755,190999,0.000196,1704745,0.007829,9742021,0.008746
31322,125282,0.000166,1070110,0.005080,6389689,0.005076
56891,227534,0.000202,2066060,0.009194,11605765,0.011038
3422,13685,0.000037,89465,0.000486,698089,0.000549
13060,52237,0.000106,405047,0.001813,2664241,0.002157
31727,126902,0.000163,1085488,0.005302,6472309,0.006010
64046,256157,0.000244,2354943,0.010826,13065385,0.012020
96717,386832,0.000296,3699749,0.017174,19730269,0.018859
49668,198645,0.000202,1780991,0.008390,10132273,0.009222
21911,87641,0.000144,719991,0.003466,4469845,0.004020
30703,122800,0.000178,1046620,0.005041,6263413,0.005767
84280,337093,0.000263,3181175,0.014630,17193121,0.015099
87919,351655,0.000301,3332210,0.015863,17935477,0.017434
17425,69700,0.000121,558965,0.002744,3554701,0.002902
47356,189409,0.000221,1689391,0.008157,9660625,0.008551
18849,75396,0.000146,609577,0.002764,3845197,0.003552
45549,182181,0.000205,1618093,0.007639,9291997,0.007471
98068,392251,0.000376,3757399,0.017270,20005873,0.018424
87342,349320,0.000312,3307633,0.015370,17817769,0.016827
86170,344638,0.000251,3259201,0.014720,17578681,0.016852
93784,375106,0.000283,3576063,0.016381,19131937,0.017752
57767,231044,0.000231,2101276,0.010117,11784469,0.011002
88331,353282,0.000327,3349575,0.015913,18019525,0.016719
57770,231059,0.000201,2100727,0.009397,11785081,0.010539
68045,272150,0.000248,2516459,0.011516,13881181,0.012392
50646,202572,0.000228,1818643,0.008837,10331785,0.008322
3018,12072,0.000034,77745,0.000336,615673,0.000472
14435,57734,0.000106,453197,0.002223,2944741,0.002600
44668,178660,0.000201,1584429,0.007121,9112273,0.008110
87594,350331,0.000287,3317562,0.016040,17869177,0.016216
78066,312231,0.000263,2924563,0.013902,15925465,0.014390
78541,314131,0.000267,2944207,0.013331,16022365,0.015310
5843,23372,0.000071,164326,0.000695,1191973,0.001133
60871,243460,0.000231,2227170,0.010254,12417685,0.010667
52832,211316,0.000204,1905827,0.008304,10777729,0.009374
66212,264833,0.000274,2442338,0.011296,13507249,0.011731
4708,18829,0.000050,128541,0.000666,960433,0.000752
89425,357685,0.000264,3394497,0.015175,18242701,0.016839
59893,239548,0.000232,2186357,0.010089,12218173,0.010585
93597,374364,0.000328,3568507,0.015829,19093789,0.019442
97911,391611,0.000301,3749884,0.017239,19973845,0.018454
31580,126314,0.000167,1080487,0.005059,6442321,0.005917
84920,339644,0.000279,3206430,0.014702,17323681,0.015435
2127,8508,0.000030,51919,0.000257,433909,0.000393
59597,238370,0.000234,2174480,0.010164,12157789,0.010788
96696,386748,0.000333,3699552,0.017056,19725985,0.016964
50829,203298,0.000213,1825569,0.008260,10369117,0.009105
20638,82552,0.000138,674546,0.003294,4210153,0.003893
23946,95775,0.000146,795656,0.003890,4884985,0.004562
94425,377676,0.000306,3603853,0.017568,19262701,0.018373
65469,261861,0.000254,2411569,0.011475,13355677,0.012387
13160,52637,0.000111,408742,0.001963,2684641,0.002464
12662,50642,0.000113,391880,0.001837,2583049,0.002334
73026,292083,0.000281,2718232,0.012993,14897305,0.012214
12433,49732,0.000101,383871,0.001716,2536333,0.002294
1206,4824,0.000030,27158,0.000135,246025,0.000251
14159,56636,0.000108,443352,0.002017,2888437,0.002564
48546,194163,0.000202,1736518,0.008176,9903385,0.009114
35569,142255,0.000181,1231288,0.005967,7256077,0.006715
65794,263152,0.000235,2425220,0.011336,13421977,0.011679
12256,49018,0.000105,377858,0.001844,2500225,0.002314
50454,201789,0.000212,1812422,0.008273,10292617,0.009259
24182,96722,0.000141,804433,0.003886,4933129,0.004000
3660,14640,0.000048,96758,0.000518,746641,0.000695
34943,139745,0.000181,1208070,0.005885,7128373,0.006551
13081,52321,0.000109,405713,0.001745,2668525,0.002397
46076,184295,0.000187,1639081,0.007677,9399505,0.008528
70775,283067,0.000238,2626112,0.011715,14438101,0.012878
26837,107333,0.000148,902388,0.003632,5474749,0.005014
20571,82284,0.000128,672511,0.003217,4196485,0.003769
34629,138504,0.000185,1196106,0.005737,7064317,0.006352
80310,321207,0.000241,3017705,0.013364,16383241,0.014906
57834,231303,0.000198,2104613,0.009987,11798137,0.010786
84538,338119,0.000359,3191290,0.015027,17245753,0.016170
66421,265663,0.000270,2450392,0.011599,13549885,0.012010
56610,226410,0.000242,2055187,0.009822,11548441,0.010170
88052,352187,0.000286,3336967,0.016801,17962609,0.016465
26608,106429,0.000158,893863,0.004303,5428033,0.004979
8635,34540,0.000091,254943,0.001211,1761541,0.001530
44705,178811,0.000236,1585175,0.007581,9119821,0.007565
75357,301404,0.000312,2812736,0.013498,15372829,0.013401
12663,50646,0.000112,391866,0.001930,2583253,0.002064
43205,172793,0.000221,1526172,0.007410,8813821,0.008029
1572,6285,0.000026,36770,0.000172,320689,0.000305
30676,122695,0.000170,1046093,0.005085,6257905,0.005787
83606,334379,0.000295,3153333,0.014643,17055625,0.017578
17606,70412,0.000129,565058,0.002950,3591625,0.003301
74690,298730,0.000314,2785884,0.013429,15236761,0.013636
64177,256699,0.000287,2358934,0.011445,13092109,0.010732
67837,271324,0.000260,2507823,0.011870,13838749,0.012736
77561,310205,0.000247,2903740,0.013575,15822445,0.013796
3363,13452,0.000042,87891,0.000418,686053,0.000611
9401,37604,0.000113,280472,0.001424,1917805,0.001884
73968,295839,0.000310,2757818,0.012788,15089473,0.013526
68920,275671,0.000226,2550736,0.011582,14059681,0.012586
50859,203424,0.000208,1827881,0.008703,10375237,0.009160
76309,305212,0.000251,2851935,0.013547,15567037,0.015412
26169,104667,0.000153,877573,0.003888,5338477,0.005145
53624,214487,0.000261,1936879,0.009105,10939297,0.010069
65520,262053,0.000232,2414415,0.011125,13366081,0.011633
53775,215079,0.000227,1942095,0.008901,10970101,0.010046
14517,58059,0.000112,455604,0.001937,2961469,0.002679
60378,241494,0.000223,2206450,0.009959,12317113,0.011148
30124,120484,0.000185,1024891,0.004832,6145297,0.005466
12878,51503,0.000109,399489,0.001876,2627113,0.002415
73772,295052,0.000228,2749310,0.012582,15049489,0.012579
45271,181072,0.000222,1608030,0.007400,9235285,0.007512
21364,85447,0.000143,701230,0.003255,4358257,0.004006
77425,309661,0.000255,2898578,0.013487,15794701,0.013676
51220,204847,0.000228,1842279,0.009101,10448881,0.009602
59719,238870,0.000207,2180193,0.010096,12182677,0.010535
80245,320947,0.000227,3015123,0.013900,16369981,0.013689
38268,153054,0.000192,1335205,0.006568,7806673,0.007686
60659,242609,0.000222,2217437,0.010460,12374437,0.010325
54033,216117,0.000196,1952453,0.008834,11022733,0.009828
77524,310066,0.000244,2901808,0.013407,15814897,0.014017
55628,222491,0.000201,2016546,0.009217,11348113,0.010366
58946,235766,0.000257,2148111,0.010129,12024985,0.010066
88353,353376,0.000326,3349669,0.015884,18024013,0.018301
57464,229838,0.000213,2089806,0.009600,11722657,0.010525
81226,324871,0.000247,3055414,0.014455,16570105,0.014413
79587,318333,0.000287,2987499,0.013914,16235749,0.014246
58835,235328,0.000236,2144968,0.009827,12002341,0.010927
26499,105990,0.000174,889980,0.004092,5405797,0.005377
35630,142508,0.000171,1234142,0.005704,7268521,0.006908
28622,114479,0.000157,968943,0.004452,5838889,0.005442
88626,354468,0.000315,3361637,0.015629,18079705,0.015939
51776,207080,0.000206,1863764,0.008965,10562305,0.008356
82794,331164,0.000303,3119974,0.013468,16889977,0.014242
57628,230488,0.000243,2095531,0.009950,11756113,0.010531
68961,275823,0.000248,2552176,0.011968,14068045,0.012147
15804,63213,0.000111,500783,0.002321,3224017,0.002949
24894,99564,0.000152,830617,0.004035,5078377,0.004593
3057,12228,0.000048,78731,0.000583,623629,0.000502
7251,29004,0.000079,209511,0.001040,1479205,0.001364
20716,82864,0.000137,677173,0.003181,4226065,0.003875
16655,66620,0.000126,531551,0.002580,3397621,0.002783
38158,152611,0.000185,1331303,0.006044,7784233,0.006874
92019,368034,0.000320,3503171,0.016747,18771877,0.017526
4930,19720,0.000055,135667,0.000637,1005721,0.000897
92659,370609,0.000297,3528787,0.016802,18902437,0.017537
20207,80822,0.000173,658616,0.003257,4122229,0.003746
80951,323777,0.000242,3042982,0.013297,16514005,0.015154
62960,251813,0.000228,2309554,0.009881,12843841,0.011477
2420,9677,0.000030,60369,0.000273,493681,0.000435
7955,31817,0.000077,232885,0.001089,1622821,0.001573
36230,144908,0.000177,1256377,0.005896,7390921,0.006589
53814,215244,0.000229,1943488,0.008666,10978057,0.009860
1315,5260,0.000023,29940,0.000130,268261,0.000246
71170,284662,0.000243,2642304,0.012128,14518681,0.011913
32053,128191,0.000166,1098231,0.005208,6538813,0.005631
64165,256645,0.000225,2358194,0.011032,13089661,0.011621
9780,39117,0.000108,293084,0.001478,1995121,0.001638
50976,203880,0.000184,1831807,0.008685,10399105,0.009583
41181,164715,0.000173,1448831,0.006354,8400925,0.007508
89275,357064,0.000332,3387680,0.015018,18212101,0.018276
14333,57332,0.000108,449689,0.002113,2923933,0.002669
41863,167440,0.000206,1475016,0.006769,8540053,0.007765
82435,329722,0.000270,3105487,0.014857,16816741,0.015220
58459,233800,0.000226,2129485,0.010188,11925637,0.010193
65975,263879,0.000199,2432397,0.012086,13458901,0.010808
14513,58049,0.000114,455976,0.001958,2960653,0.002679
30707,122810,0.000161,1046928,0.004860,6264229,0.005845
66288,265131,0.000228,2445105,0.011551,13522753,0.011908
97783,391072,0.000306,3745287,0.017706,19947733,0.019859
23516,94058,0.000165,779748,0.003909,4797265,0.003998
84227,336875,0.000279,3179806,0.015230,17182309,0.016084
16421,65684,0.000124,523330,0.002420,3349885,0.003087
6835,27340,0.000075,196293,0.000986,1394341,0.001375
94906,379576,0.000299,3623940,0.017455,19360825,0.018814
81521,326057,0.000287,3067725,0.013836,16630285,0.013705
88319,353240,0.000285,3348196,0.015619,18017077,0.017023
38208,152820,0.000189,1333342,0.006484,7794433,0.006456
62380,249499,0.000245,2285916,0.010685,12725521,0.011177
39721,158869,0.000232,1390864,0.006087,8103085,0.007371
91443,365739,0.000299,3478235,0.015770,18654373,0.019684
5484,21936,0.000072,153101,0.000845,1118737,0.001244
8817,35265,0.000109,260886,0.001282,1798669,0.001649
83777,335063,0.000313,3160084,0.015104,17090509,0.015738
53439,213729,0.000211,1930328,0.009443,10901557,0.009871
90723,362874,0.000294,3448477,0.016542,18507493,0.018104
51094,204364,0.000216,1836068,0.008760,10423177,0.009399
80913,323622,0.000284,3042226,0.014600,16506253,0.013374
92261,369017,0.000273,3513128,0.016159,18821245,0.016989
14116,56461,0.000122,441901,0.002143,2879665,0.002744
72465,289833,0.000250,2695057,0.012636,14782861,0.012895
26996,107981,0.000170,908394,0.004420,5507185,0.004688
94535,378101,0.000347,3608427,0.017255,19285141,0.017765
13881,55518,0.000110,433711,0.002100,2831725,0.002328
96846,387363,0.000350,3705261,0.016781,19756585,0.018101
64934,259703,0.000245,2391430,0.011333,13246537,0.011969
45169,180664,0.000208,1603876,0.007599,9214477,0.008139
48311,193232,0.000189,1726653,0.008286,9855445,0.009403
83914,335641,0.000279,3165351,0.014381,17118457,0.015127
32098,128392,0.000166,1099390,0.004813,6547993,0.005300
38133,152517,0.000205,1329912,0.006104,7779133,0.007017
72273,289056,0.000284,2686722,0.012814,14743693,0.013444
89208,356811,0.000273,3385939,0.015467,18198433,0.015591
88662,354618,0.000270,3361592,0.015542,18087049,0.016265
46408,185611,0.000195,1651492,0.007025,9467233,0.007704
13809,55230,0.000108,431252,0.002152,2817037,0.002318
97529,390095,0.000346,3733927,0.017659,19895917,0.017371
17179,68713,0.000121,549729,0.002360,3504517,0.003183
32853,131406,0.000169,1129380,0.005267,6702013,0.006047
93973,375859,0.000282,3584909,0.016875,19170493,0.017692
93899,375554,0.000287,3581681,0.016257,19155397,0.017808
88025,352067,0.000302,3335886,0.014654,17957101,0.017977
53234,212906,0.000210,1921407,0.008795,10859737,0.009938
28919,115667,0.000156,980544,0.004450,5899477,0.005341
59174,236693,0.000220,2157954,0.009559,12071497,0.010874
91834,367291,0.000312,3495674,0.015885,18734137,0.017557
4939,19756,0.000055,135805,0.000596,1007557,0.000911
88250,352961,0.000275,3345655,0.015093,18003001,0.017041
19565,78254,0.000128,635512,0.002944,3991261,0.003561
28856,115421,0.000156,977553,0.004528,5886625,0.005194
49760,199019,0.000204,1784513,0.007881,10151041,0.008064
36164,144650,0.000189,1254680,0.005868,7377457,0.007030
72404,289586,0.000264,2693550,0.012677,14770417,0.013272
13133,52529,0.000105,407727,0.001767,2679133,0.002491
46281,185103,0.000203,1647056,0.007633,9441325,0.007469
64633,258508,0.000235,2378319,0.011025,13185133,0.012192
90450,361764,0.000297,3437696,0.016313,18451801,0.018053
69408,277614,0.000226,2571113,0.011397,14159233,0.012490
97743,390933,0.000291,3744019,0.016974,19939573,0.020213
87951,351765,0.000278,3332599,0.015003,17942005,0.016175
20142,80562,0.000133,656371,0.002892,4108969,0.003352
2036,8144,0.000031,49524,0.000216,415345,0.000379
46990,187948,0.000227,1675513,0.007383,9585961,0.008806
2420,9680,0.000028,60338,0.000246,493681,0.000377
47940,191736,0.000195,1712114,0.007799,9779761,0.008012
36141,144549,0.000187,1253715,0.005966,7372765,0.006778
53873,215483,0.000211,1947003,0.009446,10990093,0.009791
86514,346008,0.000296,3272702,0.015382,17648857,0.015597
78972,315870,0.000284,2961407,0.014348,16110289,0.014602
65062,260227,0.000233,2395423,0.011307,13272649,0.012141
46857,187410,0.000190,1670422,0.007905,9558829,0.007483
93917,375638,0.000277,3582095,0.016050,19159069,0.017660
9441,37761,0.000086,281821,0.001413,1925965,0.001819
76553,306185,0.000263,2861562,0.012942,15616813,0.013049
25573,102277,0.000144,855557,0.004128,5216893,0.004238
28370,113468,0.000173,959990,0.004705,5787481,0.005348
64955,259799,0.000227,2391296,0.011449,13250821,0.012059
68508,274014,0.000273,2533926,0.012210,13975633,0.012375
49360,197422,0.000213,1769277,0.008550,10069441,0.009181
95160,380607,0.000325,3634501,0.017490,19412641,0.018161
91165,364642,0.000296,3466542,0.016061,18597661,0.017646
24249,96978,0.000149,806474,0.004016,4946797,0.004573
15287,61136,0.000128,483048,0.002307,3118549,0.002868
3311,13241,0.000039,86193,0.000440,675445,0.000628
93633,374502,0.000280,3570692,0.015988,19101133,0.016655
70463,281840,0.000233,2613911,0.012490,14374453,0.012638
59446,237751,0.000212,2168489,0.010143,12126985,0.010543
17332,69328,0.000127,555221,0.002564,3535729,0.003209
20984,83933,0.000137,687428,0.003229,4280737,0.003941
8836,35341,0.000093,261525,0.001288,1802545,0.001663
32113,128449,0.000173,1101049,0.005454,6551053,0.005932
62695,250768,0.000226,2299091,0.010694,12789781,0.011158
21334,85333,0.000137,699208,0.003602,4352137,0.003677
61313,245237,0.000257,2243407,0.010797,12507853,0.010206
98009,392021,0.000356,3754418,0.017479,19993837,0.019375
71206,284797,0.000258,2643986,0.012090,14526025,0.012985
43469,173858,0.000196,1536659,0.007434,8867677,0.007804
44051,176189,0.000202,1560184,0.007119,8986405,0.008185
70090,280327,0.000220,2598018,0.011960,14298361,0.012643
82666,330634,0.000276,3115412,0.014582,16863865,0.014889
42249,168987,0.000198,1489881,0.006856,8618797,0.007935
72367,289444,0.000281,2691431,0.013020,14762869,0.013849
66125,264476,0.000242,2437510,0.011466,13489501,0.011775
37679,150698,0.000188,1311564,0.006099,7686517,0.006955
99223,396850,0.000355,3806393,0.017706,20241493,0.018846
41875,167485,0.000190,1474472,0.006907,8542501,0.007788
12459,49836,0.000104,384179,0.001765,2541637,0.002289
29436,117738,0.000192,999193,0.004800,6004945,0.005462
66476,265868,0.000221,2451413,0.011566,13561105,0.012254
79033,316114,0.000279,2964769,0.013586,16122733,0.014197
80673,322671,0.000268,3032674,0.014040,16457293,0.013541
64189,256732,0.000261,2360270,0.010469,13094557,0.012002
46220,184862,0.000195,1645086,0.007352,9428881,0.008806
88498,353962,0.000286,3356061,0.016260,18053593,0.017326
28422,113667,0.000153,960901,0.004526,5798089,0.004781
57153,228582,0.000201,2077155,0.010019,11659213,0.010533
43491,173946,0.000232,1537240,0.007182,8872165,0.007933
77383,309514,0.000243,2896099,0.013012,15786133,0.013289
44579,178301,0.000194,1580496,0.006997,9094117,0.008499
59005,235996,0.000226,2151580,0.010015,12037021,0.010842
96699,386745,0.000303,3699687,0.017100,19726597,0.017402
87495,349938,0.000300,3314478,0.015400,17848981,0.016971
50381,201512,0.000215,1808470,0.008733,10277725,0.009301
13606,54424,0.000117,423777,0.001983,2775625,0.002628
69202,276781,0.000288,2562037,0.011536,14117209,0.013914
65786,263126,0.000226,2424522,0.011669,13420345,0.011608
10859,43436,0.000101,329692,0.001560,2215237,0.002012
88374,353448,0.000301,3350495,0.015550,18028297,0.017813
3852,15408,0.000045,102526,0.000446,785809,0.000710
39396,157560,0.000175,1378585,0.006319,8036785,0.006490
3625,14500,0.000044,95686,0.000483,739501,0.000679
92390,369542,0.000285,3517872,0.016560,18847561,0.018185
69748,278968,0.000215,2584723,0.011603,14228593,0.012496
14535,58137,0.000118,456568,0.002195,2965141,0.002732
66330,265308,0.000226,2446932,0.011236,13531321,0.012503
84972,339867,0.000264,3209755,0.015187,17334289,0.015968
6127,24508,0.000065,173259,0.000728,1249909,0.001033
73536,294114,0.000239,2739309,0.012792,15001345,0.012514
48553,194209,0.000199,1737024,0.008165,9904813,0.009087
83876,335489,0.000251,3164279,0.014640,17110705,0.017531
68212,272827,0.000245,2522225,0.012021,13915249,0.012524
50729,202901,0.000187,1822705,0.008385,10348717,0.009599
96874,387466,0.000285,3706327,0.017318,19762297,0.017724
39503,157997,0.000286,1383492,0.006633,8058613,0.007456
44968,179848,0.000226,1595841,0.007468,9173473,0.008247
34901,139595,0.000187,1206535,0.005904,7119805,0.006459
49623,198477,0.000207,1779729,0.008503,10123093,0.009277
76238,304928,0.000271,2849322,0.013134,15552553,0.013922
7739,30956,0.000081,225338,0.000959,1578757,0.001486
44576,178277,0.000198,1580131,0.007508,9093505,0.008326
13022,52082,0.000113,403893,0.001818,2656489,0.002471
98228,392888,0.000298,3765067,0.017383,20038513,0.019906
9438,37749,0.000092,281562,0.001119,1925353,0.001542
93797,375149,0.000273,3577024,0.016449,19134589,0.019257
73010,292019,0.000252,2717770,0.012824,14894041,0.013300
52568,210239,0.000219,1894593,0.008689,10723873,0.009794
41917,167650,0.000193,1475894,0.006869,8551069,0.007635
22031,88112,0.000136,725105,0.003337,4494325,0.004000
67154,268583,0.000230,2478808,0.011763,13699417,0.013699
69368,277448,0.000246,2568706,0.012156,14151073,0.012522
19504,78013,0.000118,633212,0.003027,3978817,0.003634
4970,19880,0.000057,136645,0.000694,1013881,0.000949
62050,248170,0.000226,2273461,0.009983,12658201,0.010091
18240,72954,0.000136,587510,0.002845,3720961,0.003361
55953,223803,0.000214,2028891,0.009763,11414413,0.009201
14065,56254,0.000120,439867,0.001938,2869261,0.002617
75266,301037,0.000258,2809719,0.013039,15354265,0.014198
34590,138351,0.000178,1194229,0.005645,7056361,0.006490
22893,91569,0.000181,756581,0.003032,4670173,0.004132
82566,330225,0.000274,3111360,0.014716,16843465,0.013905
92560,370210,0.000275,3525086,0.016441,18882241,0.016598
9656,38618,0.000098,288647,0.001251,1969825,0.001816
7143,28572,0.000085,205874,0.001020,1457173,0.001347
34895,139571,0.000191,1205957,0.005525,7118581,0.006127
24789,99132,0.000152,826930,0.004000,5056957,0.004678
35607,142407,0.000187,1232426,0.005894,7263829,0.005855
74795,299162,0.000237,2790381,0.012879,15258181,0.013351
15320,61274,0.000130,484096,0.002179,3125281,0.002489
73032,292113,0.000214,2718234,0.012537,14898529,0.012401
37687,150739,0.000197,1312756,0.006456,7688149,0.006146
72023,288071,0.000235,2676742,0.012104,14692693,0.013324
85669,342646,0.000294,3237932,0.015444,17476477,0.015744
13779,55113,0.000107,429783,0.002030,2810917,0.002359
22595,90374,0.000142,745749,0.003607,4609381,0.004235
50070,200271,0.000220,1797141,0.008355,10214281,0.008322
55755,222993,0.000200,2021287,0.009271,11374021,0.009987
35134,140533,0.000169,1214443,0.006168,7167337,0.005703
93049,372178,0.000291,3545304,0.015919,18981997,0.017523
24277,97099,0.000136,808212,0.003952,4952509,0.003991
9392,37565,0.000103,280140,0.001388,1915969,0.001755
51383,205508,0.000216,1847676,0.008862,10482133,0.009422
62304,249195,0.000217,2284900,0.010538,12710017,0.010275
50120,200474,0.000212,1798961,0.008648,10224481,0.008944
65747,262973,0.000221,2423333,0.011314,13412389,0.010812
97980,391872,0.000314,3753787,0.017090,19987921,0.017506
89827,359290,0.000277,3412624,0.015753,18324709,0.017420
62228,248891,0.000234,2280626,0.010119,12694513,0.011587
58192,232753,0.000201,2118330,0.010238,11871169,0.009673
54299,217178,0.000209,1963073,0.009574,11076997,0.009930
43007,172013,0.000216,1519086,0.007024,8773429,0.007743
57710,230822,0.000227,2098985,0.010224,11772841,0.010685
77577,310278,0.000248,2904686,0.013707,15825709,0.014323
49173,196677,0.000187,1762041,0.008364,10031293,0.008123
23111,92432,0.000141,764336,0.003748,4714645,0.003816
98303,393170,0.000301,3768100,0.018112,20053813,0.019863
21442,85756,0.000187,703125,0.003380,4374169,0.003993
47643,190557,0.000191,1701230,0.007975,9719173,0.008406
12582,50319,0.000103,389100,0.001531,2566729,0.002306
82926,331671,0.000285,3125907,0.014641,16916905,0.015400
28023,112086,0.000187,946079,0.004442,5716693,0.005299
45975,183888,0.000185,1635492,0.007614,9378901,0.008567
60432,241722,0.000212,2208586,0.010570,12328129,0.009503
81291,325137,0.000385,3057784,0.014978,16583365,0.013549
45640,182545,0.000208,1621353,0.007273,9310561,0.008403
77861,311411,0.000249,2916487,0.012935,15883645,0.014078
38049,152172,0.000215,1326030,0.006396,7761997,0.007200
2215,8860,0.000036,54739,0.000256,451861,0.000371
14345,57374,0.000116,449906,0.002279,2926381,0.002860
51233,204911,0.000203,1841751,0.008591,10451533,0.009360
3332,13328,0.000059,87002,0.000499,679729,0.000628
8762,35042,0.000090,259345,0.001247,1787449,0.001437
16378,65506,0.000138,521723,0.002471,3341113,0.002646
55301,221180,0.000202,2003554,0.009187,11281405,0.010088
30601,122386,0.000161,1043184,0.004736,6242605,0.005627
93918,375636,0.000299,3581356,0.016777,19159273,0.018147
55009,220018,0.000225,1991716,0.009074,11221837,0.009954
23005,92017,0.000147,760570,0.003703,4693021,0.004318
72039,288132,0.000252,2677165,0.012766,14695957,0.013415
89018,356024,0.000276,3378083,0.015468,18159673,0.017362
9383,37532,0.000097,279660,0.001338,1914133,0.001769
97294,389137,0.000294,3723898,0.017289,19847977,0.018821
13065,52251,0.000118,405524,0.001872,2665261,0.002445
84047,336167,0.000269,3170736,0.014869,17145589,0.016820
39422,157673,0.000176,1379302,0.006514,8042089,0.007100
59323,237274,0.000211,2164578,0.009602,12101893,0.009697
69673,278674,0.000226,2582474,0.012218,14213293,0.013219
71575,286273,0.000246,2658948,0.011888,14601301,0.011852
10629,42513,0.000094,322078,0.001462,2168317,0.001784
1705,6820,0.000024,40538,0.000201,347821,0.000323
95665,382630,0.000326,3655562,0.017096,19515661,0.017356
68545,274162,0.000239,2536340,0.012580,13983181,0.011836
54211,216835,0.000205,1960079,0.008820,11059045,0.009661
79596,318363,0.000260,2987296,0.013944,16237585,0.013944
73330,293287,0.000239,2731135,0.012545,14959321,0.013428
5512,22048,0.000064,154056,0.000777,1124449,0.001066
33946,135772,0.000178,1169342,0.005704,6924985,0.005739
34953,139812,0.000207,1208448,0.005680,7130413,0.006386
26958,107823,0.000146,906076,0.004376,5499433,0.004335
33379,133501,0.000163,1148872,0.005468,6809317,0.006160
47895,191568,0.000177,1710668,0.008307,9770581,0.007912
63394,253549,0.000230,2328567,0.010764,12932377,0.011497
28211,112841,0.000173,953104,0.004794,5755045,0.005430
20170,80680,0.000123,657661,0.002732,4114681,0.003238
2680,10720,0.000034,67690,0.000352,546721,0.000454
56459,225821,0.000289,2049224,0.009935,11517637,0.010414
91300,365164,0.000266,3472162,0.016321,18625201,0.017072
60604,242398,0.000223,2214935,0.010293,12363217,0.011281
87983,351890,0.000278,3334262,0.015752,17948533,0.016220
46524,186072,0.000202,1657077,0.007915,9490897,0.008629
41702,166799,0.000193,1468456,0.007304,8507209,0.007838
94964,379820,0.000299,3626481,0.017539,19372657,0.018319
36060,144234,0.000179,1250296,0.005808,7356241,0.006736
54454,217804,0.000213,1969557,0.009035,11108617,0.009999
9275,37097,0.000095,276071,0.001367,1892101,0.001745
40828,163294,0.000196,1435091,0.006789,8328913,0.007681
39836,159332,0.000178,1396378,0.005678,8126545,0.006401
19088,76349,0.000144,617946,0.003046,3893953,0.003599
23679,94713,0.000138,785039,0.003496,4830517,0.004374
13676,54704,0.000123,426449,0.001981,2789905,0.002619
13221,52881,0.000107,410884,0.002106,2697085,0.002491
21111,84438,0.000137,691900,0.003290,4306645,0.003974
56835,227334,0.000212,2064477,0.010017,11594341,0.010239
40079,160307,0.000194,1405480,0.006354,8176117,0.006693
12944,51776,0.000107,401579,0.002009,2640577,0.002170
99307,397204,0.000306,3808966,0.017704,20258629,0.017720
6532,26128,0.000070,186376,0.000892,1332529,0.001224
20676,82701,0.000128,675864,0.003236,4217905,0.003825
67259,269015,0.000319,2483832,0.012435,13720837,0.012123
22302,89196,0.000144,734919,0.003550,4549609,0.004198
35358,141420,0.000172,1223572,0.005852,7213033,0.006482
92313,369237,0.000289,3514469,0.016791,18831853,0.016858
8042,32168,0.000102,235493,0.001232,1640569,0.001586
80338,321331,0.000278,3017819,0.014402,16388953,0.014679
19537,78142,0.000143,634644,0.002982,3985549,0.003760
50761,203032,0.000208,1823503,0.008430,10355245,0.009336
7307,29228,0.000080,211508,0.000891,1490629,0.001370
13085,52337,0.000105,406263,0.001926,2669341,0.002475
76706,306800,0.000271,2868194,0.013720,15648025,0.014082
8535,34140,0.000092,251331,0.001236,1741141,0.001435
49911,199629,0.000200,1790233,0.007998,10181845,0.009040
44039,176135,0.000192,1559603,0.007565,8983957,0.008362
71954,287789,0.000232,2673892,0.012499,14678617,0.012105
19334,77333,0.000140,627378,0.002849,3944137,0.003594
91654,366589,0.000313,3488857,0.016139,18697417,0.017199
15990,63957,0.000123,507409,0.002494,3261961,0.003023
21155,84611,0.000131,692699,0.003302,4315621,0.003483
79162,316612,0.000238,2969083,0.014269,16149049,0.013324
52535,210116,0.000190,1893535,0.008807,10717141,0.009642
29632,118513,0.000169,1006508,0.004571,6044929,0.005538
91627,366490,0.000296,3486006,0.016728,18691909,0.017685
97473,389850,0.000299,3733204,0.017580,19884493,0.018160
58799,235172,0.000204,2143393,0.009742,11994997,0.012967
83431,333697,0.000278,3146448,0.014773,17019925,0.015535
65017,260056,0.000218,2393907,0.011370,13263469,0.011821
96605,386363,0.000364,3695278,0.016693,19707421,0.018137
61458,245811,0.000229,2249630,0.010021,12537433,0.011299
67627,270478,0.000217,2497948,0.011207,13795909,0.011235
75864,303429,0.000257,2833326,0.013524,15476257,0.013550
24987,99945,0.000157,833914,0.003769,5097349,0.004717
60913,243643,0.000240,2227195,0.010778,12426253,0.010975
91114,364438,0.000285,3466037,0.015843,18587257,0.017985
15164,60650,0.000112,478409,0.002224,3093457,0.002838
100000,399970,0.000359,3838144,0.017369,20400001,0.019411
57519,230055,0.000258,2091979,0.010139,11733877,0.010829
92847,371361,0.000304,3537934,0.017213,18940789,0.017658
19196,76772,0.000129,621869,0.002680,3915985,0.003160
56188,224731,0.000201,2038003,0.009537,11462353,0.010449
74316,297234,0.000300,2770191,0.013155,15160465,0.012537
41321,165278,0.000225,1453631,0.006904,8429485,0.007667
95579,382277,0.000300,3652230,0.017565,19498117,0.018588
46575,186279,0.000195,1658428,0.007848,9501301,0.008749
12619,50467,0.000106,389786,0.001815,2574277,0.002365
32380,129502,0.000174,1110741,0.005276,6605521,0.005380
42744,170967,0.000189,1508126,0.007185,8719777,0.007980
13145,52574,0.000114,407933,0.001827,2681581,0.002298
58660,234634,0.000206,2136961,0.009876,11966641,0.009662
34835,139325,0.000171,1203399,0.005240,7106341,0.006156
90715,362830,0.000277,3448746,0.015879,18505861,0.018637
92844,371334,0.000282,3537705,0.016266,18940177,0.017837
81078,324288,0.000268,3049188,0.014396,16539913,0.014599
20325,81288,0.000128,663330,0.003166,4146301,0.003319
69470,277859,0.000253,2572228,0.012283,14171881,0.012650
26607,106410,0.000158,894281,0.004416,5427829,0.005131
42049,168193,0.000187,1482063,0.006591,8577997,0.007630
55928,223688,0.000216,2028259,0.009084,11409313,0.009794
39400,157591,0.000183,1379478,0.006311,8037601,0.007101
81795,327141,0.000232,3079365,0.014016,16686181,0.014395
43836,175338,0.000192,1551733,0.007281,8942545,0.007579
45558,182223,0.000204,1618754,0.007634,9293833,0.008486
68685,274725,0.000216,2541514,0.010834,14011741,0.012675
65985,263892,0.000311,2432617,0.012027,13460941,0.011789
26561,106241,0.000161,892055,0.004337,5418445,0.004910
25865,103451,0.000146,866830,0.003882,5276461,0.004756
65649,262554,0.000208,2420098,0.011389,13392397,0.012515
68932,275707,0.000253,2551726,0.011995,14062129,0.012826
52773,211083,0.000225,1902255,0.008730,10765693,0.009682
75269,301046,0.000251,2810820,0.013026,15354877,0.014010
72656,290606,0.000241,2702992,0.012935,14821825,0.012339
80268,321045,0.000329,3016106,0.014269,16374673,0.014122
33745,134971,0.000170,1161987,0.005685,6883981,0.006246
69411,277602,0.000281,2571426,0.012387,14159845,0.011642
55971,223863,0.000212,2029205,0.009482,11418085,0.010249
28970,115874,0.000191,982240,0.004470,5909881,0.005448
38764,155047,0.000194,1353502,0.006560,7907857,0.007023
33189,132747,0.000178,1141115,0.005398,6770557,0.006170
40281,161106,0.000195,1413206,0.006697,8217325,0.006413
13296,53181,0.000114,413494,0.002002,2712385,0.002568
90430,361693,0.000278,3436805,0.015310,18447721,0.017661
74379,297489,0.000259,2772843,0.012962,15173317,0.013182
85170,340659,0.000247,3217809,0.014853,17374681,0.016316
61741,246943,0.000244,2261858,0.010660,12595165,0.011345
17649,70593,0.000124,566319,0.002698,3600397,0.003052
71170,284662,0.000252,2641565,0.012611,14518681,0.013474
30055,120211,0.000162,1023055,0.004826,6131221,0.004959
6029,24116,0.000071,170244,0.000803,1229917,0.001162